_id,app,moto,detail
66fe991d078e533223893e3e,aprendizaje en construcción en seco,Aprende a construir con técnicas modernas.,"Plataforma educativa que ofrece cursos en línea y tutoriales prácticos sobre construcción en seco, incluyendo videos, guías paso a paso y asesoramiento de expertos en tiempo real."
66fe991d078e533223893e3f,Mentoring automatizado para emprendedores,Encuentra el mentor perfecto para tu emprendimiento.,"Sistema de inteligencia artificial que analiza el perfil y necesidades del emprendedor para conectarlo con el mentor más adecuado, ofreciendo sesiones virtuales y seguimiento personalizado."
66fe991d078e533223893e40,Asesoría en línea para conversión ecológica de negocios,Haz tu empresa más ecológica con nuestra guía paso a paso.,"Plataforma que proporciona evaluaciones de sostenibilidad, recomendaciones personalizadas y recursos para ayudar a las empresas a implementar prácticas ecológicas y reducir su huella de carbono."
66fe991d078e533223893e41,complementar hábitos saludables en tu vida diaria (tríada),Mejora tu salud un paso a la vez.,"Aplicación que integra seguimiento de nutrición, ejercicio y sueño, ofreciendo planes personalizados y desafíos diarios para mejorar el bienestar general del usuario."
66fe991d078e533223893e42,Organizador de eventos tipo Startup Weekend,Conecta emprendedores y desarrolla ideas en un fin de semana.,"Plataforma que facilita la organización y gestión de eventos de emprendimiento, incluyendo herramientas para la formación de equipos, mentorías en vivo y presentaciones de proyectos."
66fe991d078e533223893e43,Planificador digital para paseadores de perros,"Organiza tus rutas, clientes y horarios de forma eficiente.","Aplicación móvil que permite a los paseadores de perros gestionar reservas, optimizar rutas de paseo, realizar seguimiento GPS y comunicarse con los dueños de las mascotas en tiempo real."
66fe991d078e533223893e44,Plataforma educativa para coaching de emprendedores,Mentoría en línea para impulsar tu negocio.,"Espacio virtual que ofrece cursos, webinars y sesiones de coaching personalizadas para emprendedores en diferentes etapas de sus proyectos, con acceso a una red de mentores expertos."
66fe991d078e533223893e45,Coaching de finanzas digital,Construye tu futuro.,"Servicio de asesoramiento financiero personalizado que utiliza IA para analizar los hábitos de gasto y ahorro del usuario, ofreciendo recomendaciones y estrategias para alcanzar metas financieras."
66fe991d078e533223893e46,asesorías virtuales para startups (general),Lleva tu negocio al siguiente nivel con los mejores expertos.,"Plataforma que conecta startups con una red de asesores especializados en diferentes áreas (marketing, finanzas, legal, etc.), ofreciendo sesiones de consultoría virtual y recursos personalizados."
66fe991d078e533223893e47,Plataforma web para seguimiento de hábitos,Mantén tus metas con el poder del análisis de datos.,"Herramienta de seguimiento que permite a los usuarios establecer, monitorear y analizar sus hábitos diarios, ofreciendo visualizaciones de datos, recordatorios personalizados y técnicas de gamificación para mantener la motivación."
66fe991d078e533223893e48,asesoramiento legal en línea para pequeñas empresas,Protege tu negocio con asesoría legal a tu alcance.,"Servicio que proporciona acceso a abogados especializados a través de chat, videollamadas y una biblioteca de recursos legales, ayudando a pequeñas empresas a navegar cuestiones legales comunes."
66fe991d078e533223893e49,Calculadora de impuestos para autónomos,Gestiona tus impuestos de forma sencilla y eficiente.,"Aplicación que ayuda a los trabajadores autónomos a calcular sus impuestos, realizar estimaciones trimestrales, rastrear gastos deducibles y generar informes para la declaración de impuestos."
66fe991d078e533223893e4a,entrenamiento personalizado de fitness,Transforma tu cuerpo con rutinas diseñadas para ti.,"Plataforma de fitness que utiliza IA para crear planes de entrenamiento personalizados, adaptándose a los objetivos, nivel de condición física y preferencias del usuario, con seguimiento de progreso y ajustes en tiempo real."
66fe991d078e533223893e4b,Academia en línea de diseño gráfico,Aprende diseño gráfico desde casa con expertos.,"Plataforma educativa que ofrece cursos interactivos de diseño gráfico, desde principiantes hasta avanzados, con proyectos prácticos, feedback de profesionales y una comunidad de aprendizaje colaborativo."
66fe991d078e533223893e4c,Herramienta de gestión de inventarios para tiendas pequeñas,Controla tu inventario sin esfuerzo.,"Software que permite a pequeñas tiendas rastrear inventario en tiempo real, generar alertas de reposición, analizar tendencias de ventas y gestionar proveedores, todo desde una interfaz intuitiva."
66fe991d078e533223893e4d,Planificador financiero automatizado,Toma el control de tus finanzas con predicciones y planes personalizados.,"Herramienta de planificación financiera que utiliza aprendizaje automático para analizar ingresos, gastos y objetivos financieros del usuario, generando planes de ahorro e inversión personalizados con proyecciones a futuro."
66fe991d078e533223893e4e,asesoría en nutrición,Mejora tu salud con planes nutricionales adaptados a ti.,"App que conecta usuarios con nutricionistas certificados para consultas virtuales, ofrece planes de alimentación personalizados, seguimiento de ingesta de alimentos y educación nutricional continua."
66fe991d078e533223893e4f,organización de eventos sociales,Organiza fiestas y eventos de manera sencilla y colaborativa.,"Plataforma que simplifica la planificación de eventos sociales, permitiendo a los usuarios crear listas de invitados, gestionar RSVPs, asignar tareas, y coordinar proveedores, todo en un espacio colaborativo en línea."
66fe991d078e533223893e50,Marketplace para conectar freelance con clientes,Encuentra los mejores talentos para tu proyecto.,"Plataforma que conecta freelancers con clientes potenciales, ofreciendo un sistema de perfiles verificados, gestión de proyectos integrada, pagos seguros y resolución de disputas."
66fe991d078e533223893e51,e-learning para cocina internacional,Domina la cocina global con clases interactivas.,"Plataforma educativa que ofrece cursos de cocina internacional impartidos por chefs reconocidos, con videos interactivos, recetas descargables, sesiones de preguntas y respuestas en vivo, y una comunidad global de entusiastas culinarios."
66fe991d078e533223893e52,compartir y encontrar alojamiento temporal,Conéctate con viajeros y anfitriones en todo el mundo.,"Plataforma que permite a los usuarios ofrecer y reservar alojamientos temporales, con sistema de verificación, reseñas, mensajería integrada y opciones de experiencias locales únicas."
66fe991d078e533223893e53,gestión de proyectos colaborativos,Simplifica el trabajo en equipo y cumple tus objetivos.,"Herramienta de gestión de proyectos que facilita la colaboración en equipo, con funciones de asignación de tareas, seguimiento de progreso, compartición de archivos y comunicación en tiempo real."
66fe991d078e533223893e54,seguimiento de lectura y recomendaciones personalizadas,Lee más y mejor con nuestras sugerencias.,"Aplicación que permite a los usuarios hacer un seguimiento de sus lecturas, establecer metas de lectura, y recibir recomendaciones personalizadas basadas en sus preferencias y hábitos de lectura."
66fe991d078e533223893e55,creación de currículums en línea,Construye tu currículum ideal con facilidad.,"Plataforma que ofrece herramientas intuitivas para crear currículums profesionales, con plantillas personalizables, consejos de expertos en recursos humanos y opciones para compartir y actualizar fácilmente."
66fe991d078e533223893e56,reservas en línea para restaurantes,Facilita las reservas y mejora la experiencia de tus clientes.,"Sistema de reservas en línea para restaurantes que permite a los clientes hacer reservaciones, ver menús, y a los restaurantes gestionar mesas, turnos y ofrecer promociones especiales."
66fe991d078e533223893e57,entrenamiento mental y mindfulness,Encuentra la paz interior con ejercicios guiados.,"Aplicación que ofrece una variedad de ejercicios de meditación y mindfulness guiados, con programas personalizados, seguimiento de progreso y contenido educativo sobre bienestar mental."
66fe991d078e533223893e58,"venta de productos digitales (e-books, cursos, etc.)",Vende tus creaciones digitales de manera fácil y rápida.,"Plataforma que permite a creadores vender productos digitales como e-books, cursos en línea y software, ofreciendo herramientas de marketing, gestión de clientes y procesamiento de pagos."
66fe991d078e533223893e59,organización de tareas y gestión del tiempo,Maximiza tu productividad con nuestra herramienta.,"Aplicación de productividad que combina gestión de tareas, calendarios y técnicas de gestión del tiempo, ayudando a los usuarios a priorizar actividades y mejorar su eficiencia."
